{
    "FJD": 1.6804,
    "MXN": 12.7189,
    "SCR": 10.1488,
    "TVD": 1.1368,
    "CDF": 2062.8018,
    "BBD": 1.4877,
    "GTQ": 5.8014,
    "CLP": 727.9999,
    "HNL": 18.3581,
    "UGX": 2941.0816,
    "ZAR": 14.3622,
    "TND": 2.3196,
    "STN": 16.7972,
    "SLE": 16.9569,
    "BSD": 0.7439,
    "SLL": 16956.7899,
    "SDG": 332.8067,
    "IQD": 974.3447,
    "CUP": 17.8529,
    "GMD": 48.9247,
    "TWD": 23.4837,
    "RSD": 80.3284,
    "DOP": 43.6996,
    "KMF": 337.2941,
    "MYR": 3.554,
    "FKP": 0.5864,
    "XOF": 449.7254,
    "GEL": 1.9727,
    "UYU": 28.6342,
    "MAD": 7.4738,
    "CVE": 75.5979,
    "TOP": 1.7335,
    "AZN": 1.2644,
    "OMR": 0.286,
    "PGK": 2.7935,
    "KES": 108.6351,
    "SEK": 7.6524,
    "BTN": 61.655,
    "UAH": 28.5494,
    "GNF": 6395.6989,
    "ERN": 11.158,
    "MZN": 47.5762,
    "ARS": 625.3339,
    "QAR": 2.7077,
    "IRR": 31323.1129,
    "CNY": 5.3593,
    "THB": 26.6972,
    "UZS": 9344.6566,
    "XPF": 81.8143,
    "MRU": 29.7018,
    "BDT": 81.6196,
    "LYD": 3.5984,
    "BMD": 0.7439,
    "KWD": 0.2286,
    "PHP": 41.6454,
    "RUB": 68.7634,
    "PYG": 5410.449,
    "ISK": 102.3283,
    "JMD": 116.0879,
    "COP": 2944.5522,
    "MKD": 42.3773,
    "USD": 1,
    "DZD": 100.0122,
    "PAB": 0.7439,
    "SGD": 1,
    "GGP": 0.5864,
    "ETB": 42.2066,
    "JEP": 0.5864,
    "KGS": 66.5631,
    "SOS": 425.5967,
    "VUV": 88.8437,
    "LAK": 15462.264,
    "BND": 1,
    "XAF": 449.7254,
    "LRD": 141.918,
    "CHF": 0.6546,
    "HRK": 5.1657,
    "ALL": 71.1506,
    "DJF": 132.2012,
    "VES": 26.8319,
    "ZMW": 17.2062,
    "TZS": 1898.1963,
    "VND": 18303.8873,
    "AUD": 1.1368,
    "ILS": 2.7091,
    "GHS": 9.4501,
    "GYD": 155.8686,
    "BOB": 5.1338,
    "KHR": 3052.9467,
    "MDL": 13.3088,
    "IDR": 11647.807,
    "KYD": 0.6199,
    "AMD": 300.699,
    "BWP": 10.3607,
    "SHP": 0.5864,
    "TRY": 23.16,
    "LBP": 11158.0425,
    "TJS": 8.1509,
    "JOD": 0.5274,
    "AED": 2.7319,
    "HKD": 5.8202,
    "RWF": 995.0144,
    "FOK": 5.113,
    "LSL": 14.3626,
    "DKK": 5.1129,
    "CAD": 1.005,
    "KID": 1.1368,
    "BGN": 1.341,
    "MMK": 2068.608,
    "MUR": 34.0825,
    "NOK": 7.8251,
    "SYP": 9655.5377,
    "IMP": 0.5864,
    "ZWL": 10378.4886,
    "GIP": 0.5864,
    "RON": 3.4097,
    "LKR": 230.9628,
    "NGN": 1164.5545,
    "CRC": 382.8225,
    "CZK": 17.3974,
    "PKR": 207.6765,
    "XCD": 2.0084,
    "ANG": 1.3315,
    "HTG": 98.0604,
    "BHD": 0.2797,
    "KZT": 333.4565,
    "SRD": 26.799,
    "SZL": 14.3626,
    "SAR": 2.7895,
    "TTD": 5.0523,
    "YER": 186.0177,
    "MVR": 11.4285,
    "AFN": 54.7672,
    "INR": 61.6532,
    "AWG": 1.3315,
    "KRW": 990.4279,
    "NPR": 98.6479,
    "JPY": 112.0244,
    "MNT": 2540.2875,
    "AOA": 625.0627,
    "PLN": 2.9543,
    "GBP": 0.5864,
    "SBD": 6.1245,
    "BYN": 2.4246,
    "HUF": 267.0429,
    "BIF": 2120.1019,
    "MWK": 1264.592,
    "MGA": 3367.2206,
    "XDR": 0.5604,
    "BZD": 1.4877,
    "BAM": 1.3409,
    "EGP": 22.9955,
    "MOP": 5.9948,
    "NAD": 14.3626,
    "SSP": 1036.8614,
    "NIO": 27.3685,
    "PEN": 2.8244,
    "NZD": 1.205,
    "WST": 1.9995,
    "TMT": 2.6042,
    "BRL": 3.7107
}